INSERT INTO customers (first_name, last_name, middle_name, phone, email)
VALUES ('Іван', 'Коваленко', 'Петрович', '+380501212233', 'user@tirevault.ua'),
       ('Олена', 'Шевченко', 'Олександрівна', '+380671112033', 'manager@tirevault.ua'),
       ('Андрій', 'Бойко', 'Миколайович', '+380631112273', 'admin@tirevault.ua');

INSERT INTO users (customer_id, username, password, email, role, blocked)
VALUES (1, 'user1', '$2a$10$GRLdNijSQMUvl/au9ofL.eDwmoohzzS7.rmNSJZ.0FxO/BTk76klW', 'user@tirevault.ua', 'USER', false),
       (2, 'manager1', '$2a$10$GRLdNijSQMUvl/au9ofL.eDwmoohzzS7.rmNSJZ.0FxO/BTk76klW', 'manager@tirevault.ua', 'MANAGER', false),
       (3, 'admin1', '$2a$10$GRLdNijSQMUvl/au9ofL.eDwmoohzzS7.rmNSJZ.0FxO/BTk76klW', 'admin@tirevault.ua', 'ADMIN', false);

INSERT INTO carts (user_id, total)
VALUES (1, 0.00),
       (2, 0.00),
       (3, 0.00);

INSERT INTO work_service_categories (name)
VALUES ('Шиномонтаж'),
       ('Діагностика'),
       ('Ремонт ходової'),
       ('Технічне обслуговування (ТО)'),
       ('Електрика'),
       ('Кондиціонер'),
       ('Кузов та скло');

INSERT INTO work_services (work_service_category_id, name, description, price, working_hours)
VALUES (1, 'Заміна шин (R15-R16) комплекс', 'Зняття/встановлення, демонтаж/монтаж, балансування 4 коліс.', 800.00, '1 година'),
       (2, 'Комп''ютерна діагностика', 'Повне зчитування помилок електронних блоків автомобіля.', 450.00, '30 хвилин'),
       (3, 'Заміна передніх амортизаторів', 'Заміна двох передніх амортизаторів без урахування вартості деталей.', 1200.00, '2 години'),
       (4, 'Заміна масла та фільтрів', 'Заміна моторного масла, масляного, повітряного та салонного фільтрів.', 500.00, '1 година'),
       (5, 'Діагностика акумулятора', 'Перевірка ємності та стану зарядки АКБ, перевірка генератора.', 200.00, '20 хвилин'),
       (1, 'Балансування одного колеса', 'Динамічне балансування колеса зі зняттям та встановленням. Використовується стенд Hofmann.', 80.00, '15 хвилин'),
       (3, 'Заміна задніх амортизаторів', 'Заміна двох задніх амортизаторів без урахування вартості деталей.', 1400.00, '2.5 години'),
       (3, 'Регулювання розвалу-схождення', 'Комп''ютерне регулювання кутів установки коліс на 3D-стенді Hunter.', 500.00, '1 година'),
       (3, 'Заміна кульових опор (2 шт)', 'Заміна двох нижніх кульових опор без урахування вартості деталей. Після заміни — контроль геометрії.', 600.00, '1.5 години'),
       (3, 'Заміна підшипника маточини', 'Заміна одного підшипникового вузла маточини (передній или задній) зі зняттям колеса.', 700.00, '1.5 години'),
       (4, 'Заміна гальмівних колодок передніх', 'Заміна комплекту передніх гальмівних колодок із перевіркою товщини дисків та очищенням супортів.', 600.00, '1 година'),
       (4, 'Заміна гальмівних дисків із колодками (передня вісь)', 'Заміна двох вентильованих дисків та комплекту колодок передньої осі. Мастило напрямних.', 1400.00, '2 години'),
       (4, 'Заміна свічок запалювання', 'Заміна 4 свічок запалювання з перевіркою зазору та моментом затяжки за специфікацією виробника.', 350.00, '30 хвилин'),
       (4, 'Заміна ременя ГРМ з помпою', 'Заміна ременя ГРМ, натяжного та обвідного роликів, помпи охолодження. Контроль фаз газорозподілу.', 2200.00, '3 години'),
       (4, 'Заміна охолоджуючої рідини', 'Промивка системи охолодження та заміна антифризу. Перевірка герметичності патрубків та радіатора.', 400.00, '40 хвилин'),
       (4, 'Заміна термостата', 'Заміна термостата з прокладкою, часткове розбирання системи охолодження, видалення повітря із системи.', 800.00, '1.5 години'),
       (4, 'Промивка паливної системи', 'Хімічна промивка форсунок без зняття, очистка дросельної заслінки та камери згоряння присадкою.', 900.00, '1 година'),
       (4, 'Заміна повітряного фільтра двигуна', 'Заміна паперового фільтруючого елементу повітряного фільтра. Перевірка стану корпусу фільтра та патрубків.', 150.00, '15 хвилин'),
       (4, 'Заміна салонного фільтра', 'Заміна фільтра системи вентиляції та кондиціонування салону. Чистка корпусу та кожуха вентилятора.', 120.00, '15 хвилин'),
       (6, 'Заправка кондиціонера', 'Діагностика тиску, вакуумування та заправка системи кондиціонування фреоном R134a або R1234yf. Перевірка витоків.', 800.00, '1 година');

INSERT INTO product_categories (name)
VALUES ('Шини'),
       ('Моторні оливи'),
       ('Акумулятори'),
       ('Фільтри'),
       ('Гальма'),
       ('Запалювання'),
       ('Охолодження'),
       ('Підвіска'),
       ('Хімія та рідини');

INSERT INTO products (id, product_category_id, article, name, description, price, availability, quantity, image_url)
VALUES
    (1, 1, 'SUM-001', 'Michelin Primacy 4 205/55 R16', 'Преміальна літня шина. Відмінне зчеплення на мокрій дорозі, клас A. Знижений опір кочення.', 3200.00, true, 24, 'https://avitech.com.ua/uploaded/2/156922.jpg'),
    (2, 1, 'WIN-002', 'Bridgestone Blizzak VRX 195/65 R15', 'Зимова нешипована шина. Технологія Multi-Cell Compound для впевненого гальмування на льоду.', 2500.00, true, 16, 'https://m.media-amazon.com/images/S/aplus-media-library-service-media/962a4fd5-f575-4968-ae96-60aebf0cc598.__CR0,0,300,400_PT0_SX300_V1___.jpg'),
    (3, 2, 'OIL-003', 'Motul 8100 X-cess 5W-40 (4 л)', 'Повністю синтетична моторна олива. Допуски BMW LL-01, MB 229.5, VW 502/505, Porsche A40.', 1450.00, true, 10, 'https://ucar.net.ua/images/20210222/Sinteticheskoe-motornoe-maslo-Motul-8100-X-cess-SAE-5W-40-4-l-front-800x800-1613994620.jpg'),
    (4, 3, 'BAT-004', 'Bosch S4 Silver 60Ah', 'Надійний акумулятор Ca/Ca з підвищеним пусковим струмом 540A. Технологія PowerFrame.', 3100.00, true, 5, 'https://derebanauto.com.ua/image/cache/catalog/akym/Bosch_S4_Silver_60Ah_540A_R_4-004-800x800.jpg'),
    (5, 4, 'FLT-005', 'Mahle OC 90', 'Масляний фільтр преміум-класу. Різьба M18x1.5, spin-on конструкція. Вироблено в Німеччині.', 350.00, true, 50, 'https://images2.exist.ua/media/images/products/2020/03/7644610_14305648.jpg'),
    (6, 5, 'BRK-006', 'Brembo P85020 Колодки гальмівні передні', 'Оригінальні гальмівні колодки Brembo для передньої осі. Знижений пил, мінімальний шум при гальмуванні. Підходять для більшості автомобілів C/D класу.', 1200.00, true, 18, 'https://images2.exist.ua/media/images/products/2020/11/45__vYUTBgr.jpg'),
    (7, 5, 'BRK-007', 'TRW DF4855 Диск гальмівний передній', 'Вентильований гальмівний диск TRW виробництва ЄС. Діаметр 300 мм, товщина 25 мм. Покриття проти корозії. Ціна за 1 шт.', 1800.00, true, 12, 'https://images2.exist.ua/media/images/products/2024/02/2024-05-02_11-31-40_15878171.jpg'),
    (8, 6, 'IGN-008', 'NGK BKR6E Свічки запалювання (комплект 4 шт)', 'Стандартні мідні свічки NGK з нікелевими електродами. Зазор 1.1 мм. Ресурс 30 000 км. Підходять для більшості бензинових двигунів 1.2–2.0.', 480.00, true, 30, 'https://images.prom.ua/3873126166_w640_h320_nikelevaya-svecha-zazhiganiya.jpg'),
    (9, 6, 'IGN-009', 'Bosch 1987949669 Ремінь ГРМ', 'Зубчастий ремінь ГРМ Bosch із армованою неопреновою основою. Для двигунів VW/Audi/Skoda 1.6 і 2.0 TDI. 130 зубців, ширина 25.4 мм.', 650.00, true, 15, 'https://img.dok.ua/images/card/product/0824/01/9337064_3.png'),
    (10, 7, 'COL-010', 'Gates TCK337 Комплект ГРМ з помпою', 'Повний комплект: зубчастий ремінь Gates, натяжний та обвідний ролики, помпа охолодження. Для VW/Audi/Skoda 1.9–2.0 TDI. Ресурс 120 000 км.', 2800.00, true, 8, 'https://bus-shop.com.ua/image/catalog/kp55569xs-2/ws_serve_pic.jpeg'),
    (11, 7, 'COL-011', 'Febi Bilstein 17275 Термостат', 'Термостат Febi Bilstein із прокладкою. Температура відкриття 87°C. OE-якість. Для BMW, Mercedes-Benz та автомобілів групи VW.', 420.00, true, 20, 'https://images2.exist.ua/media/images/products/2023/11/2023-10-11_20-37-28_15685266.jpg'),
    (12, 7, 'COL-012', 'Coolstream Premium Антифриз G12+ (5 л)', 'Концентрований антифриз на основі карбоксилатних присадок (OAT). Колір — червоний. Не містить силікатів. Ресурс 3–5 років або 150 000 км.', 380.00, true, 25, 'https://d24.com.ua/.abcp-pr/pubimg-proxy.nodacdn.net/911470/images/coolstream/cs010103/full/05857f238f4b93a95089a7d7e481b3400e90c00007.jpeg'),
    (13, 8, 'SUS-013', 'KYB 334839 Амортизатор передній', 'Амортизатор газо-масляний KYB Excel-G для передньої осі. Двотрубна конструкція. Підходить для VW Golf IV/V, Skoda Octavia A5, Audi A3 8P.', 2100.00, true, 10, 'https://autochast.com.ua/imgbank/Image/pic/1255867_334839_KYB_1.png'),
    (14, 8, 'SUS-014', 'SKF VKBA3568 Підшипник маточини передній', 'Підшипниковий вузол маточини переднього колеса SKF із фланцем для датчика ABS. Вбудований магнітний кільцеобразний енкодер.', 950.00, true, 14, 'https://avtoto.com.ua/products_pictures/product/s/k/skf_vkba1355_2.jpg'),
    (15, 8, 'SUS-015', 'Lemförder 30807 01 Кульова опора нижня', 'Нижня кульова опора Lemförder OE-рівень. Закрита конструкція, не вимагає обслуговування. З болтом кріплення. Для BMW 3 Series E90/E46, X3 E83.', 780.00, false, 0, 'https://uniparts.com.ua/imgs/001/009/817/1009817.jpg'),
    (16, 9, 'WIP-016', 'Bosch AeroTwin AR530S Щітки склоочисника (комплект)', 'Безкаркасні щітки Bosch AeroTwin із аеродинамічним спойлером. Розміри: 530/530 мм. У комплекті адаптери для 8 типів з''єднань.', 320.00, true, 40, 'https://images.prom.ua/5116741913_w1280_h640_schetki-stekloochistitelya-dvorniki.jpg'),
    (17, 4, 'FLT-017', 'Mahle LX 585 Повітряний фільтр двигуна', 'Повітряний фільтр двигуна Mahle Original. Паперовий фільтруючий елемент із синтетичним обрамленням. Для VW Golf/Passat, Skoda Octavia, Audi A3/A4 1.4–2.0.', 280.00, true, 35, 'https://images2.exist.ua/media/images/products/2021/06/2021-10-06_22-30-23_8864812.jpg'),
    (18, 4, 'FLT-018', 'Mahle LA 45 Салонний фільтр комбінований', 'Комбінований салонний фільтр Mahle із активованим вугільним шаром. Затримує пилок, пил, PM2.5, бактерії та неприємні запахи.', 220.00, true, 45, 'https://content2.rozetka.com.ua/goods/images/big/610365923.jpg'),
    (19, 9, 'CHM-019', 'Castrol React DOT 4 Рідина гальмівна (500 мл)', 'Гальмівна рідина DOT 4. Температура кипіння: суха — 265°C, волога — 165°C. Сумісна з ABS, ESP, EBD. Відповідає стандартам FMVSS 116 DOT 4.', 160.00, false, 0, 'https://dynamica.ua/wp-content/uploads/2023/09/Castrol-Brake-Fluid-DOT4-1l.jpg'),
    (20, 9, 'CHM-020', 'Liqui Moly Speed Tec Benzin (150 мл)', 'Присадка до бензину Liqui Moly. Очищує форсунки, впускні клапани та камеру згоряння. Знижує витрату пального. 1 флакон на 50–75 л бензину.', 210.00, true, 22, 'https://www.liquimoly.com.br/cdn/shop/products/3720_SPEEDTECGASOLINE250ml.jpg?v=1616893323&width=1214');

INSERT INTO vehicles (brand, model, year, modification)
VALUES
    ('Toyota', 'Corolla', 2019, '1.6 MT'),
    ('Toyota', 'RAV4', 2020, '2.0 AT'),
    ('Toyota', 'Camry', 2021, '2.5 AT'),
    ('Toyota', 'Land Cruiser Prado', 2018, '2.8 TD AT'),
    ('Toyota', 'Yaris', 2016, '1.3 AT'),
    ('Toyota', 'Highlander', 2019, '3.5 AT'),
    ('Toyota', 'C-HR', 2018, '1.2T AT'),
    ('Toyota', 'Prius', 2017, '1.8 e-CVT'),
    ('Toyota', 'Avensis', 2014, '2.0 MT'),
    ('Toyota', 'Fortuner', 2020, '2.7 AT'),
    ('Volkswagen', 'Passat B8', 2017, '1.8 TSI AT'),
    ('Volkswagen', 'Tiguan', 2019, '1.4 TSI AT'),
    ('Volkswagen', 'Polo', 2018, '1.6 AT'),
    ('Volkswagen', 'Touareg', 2020, '3.0 TDI AT'),
    ('Volkswagen', 'Jetta', 2016, '1.4 TSI AT'),
    ('Volkswagen', 'Touran', 2017, '1.6 TDI AT'),
    ('Volkswagen', 'Caddy', 2015, '2.0 TDI MT'),
    ('Volkswagen', 'T-Roc', 2019, '1.5 TSI AT'),
    ('Volkswagen', 'Arteon', 2020, '2.0 TSI AT'),
    ('Volkswagen', 'Golf', 2018, '1.4 TSI AT'),
    ('BMW', '3 Series', 2010, '2.0d MT'),
    ('BMW', '3 Series', 2014, '2.0i AT'),
    ('BMW', '5 Series', 2013, '2.0d AT'),
    ('BMW', '5 Series', 2018, '3.0i AT'),
    ('BMW', 'X3', 2014, '2.0d AT'),
    ('BMW', 'X3', 2019, '2.0d AT'),
    ('BMW', 'X5', 2011, '3.0d AT'),
    ('BMW', 'X5', 2020, '3.0i AT'),
    ('BMW', '1 Series', 2014, '1.6i AT'),
    ('BMW', 'X1', 2016, '1.8d AT'),
    ('Mercedes-Benz', 'C-Class', 2016, '1.6 AT'),
    ('Mercedes-Benz', 'E-Class', 2017, '2.0 AT'),
    ('Mercedes-Benz', 'GLC', 2018, '2.0 AT'),
    ('Mercedes-Benz', 'GLE', 2015, '3.0d AT'),
    ('Mercedes-Benz', 'A-Class', 2019, '1.4 AT'),
    ('Mercedes-Benz', 'B-Class', 2020, '1.4 AT'),
    ('Mercedes-Benz', 'CLA', 2014, '1.6 AT'),
    ('Mercedes-Benz', 'GLA', 2015, '1.6 AT'),
    ('Mercedes-Benz', 'S-Class', 2015, '3.0d AT'),
    ('Mercedes-Benz', 'GLB', 2020, '1.4 AT'),
    ('Audi', 'A4', 2012, '2.0 TDI MT'),
    ('Audi', 'A4', 2017, '2.0 TDI AT'),
    ('Audi', 'A6', 2013, '2.0 TDI AT'),
    ('Audi', 'Q5', 2013, '2.0 TDI AT'),
    ('Audi', 'Q5', 2018, '2.0 TFSI AT'),
    ('Audi', 'Q7', 2012, '3.0 TDI AT'),
    ('Audi', 'A3', 2014, '1.4 TFSI AT'),
    ('Audi', 'A5', 2017, '2.0 TDI AT'),
    ('Audi', 'Q3', 2014, '2.0 TDI AT'),
    ('Audi', 'Q8', 2019, '3.0 TDI AT'),
    ('Skoda', 'Superb', 2017, '2.0 TDI AT'),
    ('Skoda', 'Kodiaq', 2018, '1.4 TSI AT'),
    ('Skoda', 'Fabia', 2016, '1.2 TSI MT'),
    ('Skoda', 'Karoq', 2019, '1.5 TSI AT'),
    ('Skoda', 'Rapid', 2015, '1.6 MT'),
    ('Renault', 'Duster', 2019, '1.6 MT'),
    ('Renault', 'Logan', 2016, '1.6 MT'),
    ('Renault', 'Sandero', 2018, '1.6 MT'),
    ('Renault', 'Captur', 2019, '1.5 dCi AT'),
    ('Renault', 'Clio', 2015, '0.9 TCe MT'),
    ('Hyundai', 'Santa Fe', 2018, '2.4 AT'),
    ('Hyundai', 'Elantra', 2019, '2.0 AT'),
    ('Hyundai', 'i30', 2017, '1.4 T-GDI AT'),
    ('Hyundai', 'Sonata', 2015, '2.4 AT'),
    ('Hyundai', 'Creta', 2018, '1.6 AT'),
    ('Hyundai', 'i20', 2016, '1.2 MT'),
    ('Hyundai', 'Kona', 2019, '1.6 T-GDI AT'),
    ('Hyundai', 'Accent', 2017, '1.4 AT'),
    ('Hyundai', 'Staria', 2022, '2.2 CRDi AT'),
    ('Hyundai', 'Tucson', 2022, '1.6 T-GDI AT'),
    ('Kia', 'Sportage', 2017, '2.0 AT'),
    ('Kia', 'Ceed', 2018, '1.4 T-GDI AT'),
    ('Kia', 'Sorento', 2019, '2.2 CRDi AT'),
    ('Kia', 'Rio', 2018, '1.6 AT'),
    ('Kia', 'Stinger', 2018, '2.0 T-GDI AT'),
    ('Kia', 'Niro', 2019, '1.6 HEV AT'),
    ('Kia', 'Picanto', 2018, '1.0 MT'),
    ('Kia', 'XCeed', 2020, '1.4 T-GDI AT'),
    ('Kia', 'K5', 2021, '1.6 T-GDI AT'),
    ('Kia', 'Carnival', 2022, '2.2 CRDi AT'),
    ('Ford', 'Focus', 2014, '1.6 MT'),
    ('Ford', 'Focus', 2019, '1.5 EcoBoost AT'),
    ('Ford', 'Mondeo', 2016, '1.5 EcoBoost AT'),
    ('Ford', 'Kuga', 2017, '1.5 EcoBoost AT'),
    ('Ford', 'Kuga', 2021, '2.5 PHEV AT'),
    ('Ford', 'Fiesta', 2015, '1.0 EcoBoost MT'),
    ('Ford', 'Ranger', 2018, '2.0 TDCi AT'),
    ('Ford', 'Explorer', 2016, '2.3 EcoBoost AT'),
    ('Ford', 'Puma', 2020, '1.0 EcoBoost AT'),
    ('Ford', 'Mustang', 2018, '5.0 AT'),
    ('Opel', 'Astra', 2017, '1.4 Turbo AT'),
    ('Opel', 'Insignia', 2018, '1.6 Turbo AT'),
    ('Opel', 'Mokka', 2015, '1.4 Turbo MT'),
    ('Opel', 'Corsa', 2016, '1.4 AT'),
    ('Opel', 'Grandland X', 2018, '1.2 Turbo AT'),
    ('Nissan', 'Qashqai', 2017, '1.6 dCi MT'),
    ('Nissan', 'X-Trail', 2018, '2.5 AT'),
    ('Nissan', 'Leaf', 2019, 'Electric AT'),
    ('Nissan', 'Juke', 2020, '1.0 DIG-T MT'),
    ('Nissan', 'Micra', 2018, '0.9 IG-T MT');

INSERT INTO vehicle_product (product_id, vehicle_id)
VALUES (1, 1),
       (1, 2),
       (1, 3),
       (2, 2),
       (2, 4),
       (3, 1),
       (3, 2),
       (3, 3),
       (3, 4),
       (3, 5),
       (4, 1),
       (4, 3),
       (4, 5),
       (5, 2),
       (5, 4);

INSERT INTO vehicle_product (product_id, vehicle_id)
VALUES (6, 2),
       (6, 3),
       (6, 4),
       (6, 5),
       (6, 16),
       (6, 17),
       (6, 20),
       (6, 21),
       (6, 23),
       (6, 24),
       (6, 25),
       (6, 26),
       (6, 27),
       (6, 28),
       (6, 30),
       (6, 31),
       (6, 34),
       (6, 35),
       (6, 36),
       (6, 37),
       (6, 38),
       (6, 40),
       (6, 41),
       (6, 46),
       (6, 47),
       (6, 48),
       (6, 49),
       (6, 52),
       (6, 53),
       (6, 56),
       (6, 57),
       (6, 59),
       (6, 61),
       (6, 64),
       (6, 65),
       (6, 66),
       (6, 67),
       (6, 68),
       (6, 70),
       (6, 72),
       (6, 73),
       (6, 75),
       (6, 76),
       (6, 77),
       (6, 78),
       (6, 79),
       (6, 80),
       (6, 86),
       (6, 87),
       (6, 88),
       (6, 89),
       (6, 96),
       (6, 97),
       (6, 98),
       (6, 99);

INSERT INTO vehicle_product (product_id, vehicle_id)
VALUES (7, 2),
       (7, 3),
       (7, 4),
       (7, 5),
       (7, 17),
       (7, 20),
       (7, 21),
       (7, 23),
       (7, 25),
       (7, 27),
       (7, 28),
       (7, 31),
       (7, 35),
       (7, 36),
       (7, 37),
       (7, 38),
       (7, 40),
       (7, 47),
       (7, 48),
       (7, 49),
       (7, 52),
       (7, 56),
       (7, 57),
       (7, 59),
       (7, 62),
       (7, 64),
       (7, 67),
       (7, 68),
       (7, 70),
       (7, 72),
       (7, 75),
       (7, 77),
       (7, 78),
       (7, 79),
       (7, 80),
       (7, 87),
       (7, 88),
       (7, 89),
       (7, 90),
       (7, 97),
       (7, 98),
       (7, 100);

INSERT INTO vehicle_product (product_id, vehicle_id)
VALUES (8, 1),
       (8, 3),
       (8, 6),
       (8, 7),
       (8, 8),
       (8, 10),
       (8, 11),
       (8, 12),
       (8, 13),
       (8, 14),
       (8, 15),
       (8, 16),
       (8, 18),
       (8, 20),
       (8, 23),
       (8, 24),
       (8, 25),
       (8, 27),
       (8, 29),
       (8, 33),
       (8, 34),
       (8, 36),
       (8, 37),
       (8, 38),
       (8, 40),
       (8, 41),
       (8, 42),
       (8, 43),
       (8, 45),
       (8, 50),
       (8, 52),
       (8, 57),
       (8, 58),
       (8, 59),
       (8, 60),
       (8, 61),
       (8, 62),
       (8, 63),
       (8, 65),
       (8, 66),
       (8, 67),
       (8, 68),
       (8, 69),
       (8, 70),
       (8, 71),
       (8, 72),
       (8, 73),
       (8, 75),
       (8, 76),
       (8, 77),
       (8, 79),
       (8, 80),
       (8, 81),
       (8, 82),
       (8, 83),
       (8, 84),
       (8, 86),
       (8, 87),
       (8, 88),
       (8, 89),
       (8, 90),
       (8, 91),
       (8, 93),
       (8, 94),
       (8, 95),
       (8, 96),
       (8, 97),
       (8, 98),
       (8, 99),
       (8, 100);

INSERT INTO vehicle_product (product_id, vehicle_id)
VALUES (9, 2),
       (9, 3),
       (9, 4),
       (9, 16),
       (9, 21),
       (9, 22),
       (9, 46),
       (9, 47),
       (9, 48),
       (9, 49),
       (9, 54),
       (9, 56),
       (9, 57),
       (9, 58),
       (9, 59),
       (9, 60),
       (9, 61),
       (9, 62),
       (9, 63),
       (9, 64),
       (9, 65),
       (9, 5),
       (9, 74),
       (9, 85),
       (9, 92);

INSERT INTO vehicle_product (product_id, vehicle_id)
VALUES (10, 2),
       (10, 3),
       (10, 4),
       (10, 22),
       (10, 46),
       (10, 47),
       (10, 48),
       (10, 49),
       (10, 54),
       (10, 56),
       (10, 57),
       (10, 64),
       (10, 92);

INSERT INTO vehicle_product (product_id, vehicle_id)
VALUES (11, 1),
       (11, 2),
       (11, 3),
       (11, 4),
       (11, 5),
       (11, 16),
       (11, 17),
       (11, 18),
       (11, 20),
       (11, 23),
       (11, 25),
       (11, 26),
       (11, 27),
       (11, 28),
       (11, 30),
       (11, 36),
       (11, 37),
       (11, 38),
       (11, 46),
       (11, 47),
       (11, 48),
       (11, 56),
       (11, 57),
       (11, 66),
       (11, 67),
       (11, 68),
       (11, 76),
       (11, 77),
       (11, 78),
       (11, 86),
       (11, 87),
       (11, 88);

INSERT INTO vehicle_product (product_id, vehicle_id)
VALUES (12, 1),
       (12, 2),
       (12, 3),
       (12, 4),
       (12, 5),
       (12, 6),
       (12, 7),
       (12, 8),
       (12, 9),
       (12, 10),
       (12, 11),
       (12, 12),
       (12, 13),
       (12, 14),
       (12, 15),
       (12, 16),
       (12, 17),
       (12, 18),
       (12, 19),
       (12, 20),
       (12, 21),
       (12, 22),
       (12, 23),
       (12, 24),
       (12, 25),
       (12, 26),
       (12, 27),
       (12, 28),
       (12, 29),
       (12, 30),
       (12, 31),
       (12, 32),
       (12, 33),
       (12, 34),
       (12, 35),
       (12, 36),
       (12, 37),
       (12, 38),
       (12, 39),
       (12, 40),
       (12, 41),
       (12, 42),
       (12, 43),
       (12, 44),
       (12, 45),
       (12, 46),
       (12, 47),
       (12, 48),
       (12, 49),
       (12, 50),
       (12, 51),
       (12, 52),
       (12, 53),
       (12, 54),
       (12, 55),
       (12, 56),
       (12, 57),
       (12, 58),
       (12, 59),
       (12, 60),
       (12, 61),
       (12, 62),
       (12, 63),
       (12, 64),
       (12, 65),
       (12, 66),
       (12, 67),
       (12, 68),
       (12, 69),
       (12, 70),
       (12, 71),
       (12, 72),
       (12, 73),
       (12, 74),
       (12, 75),
       (12, 76),
       (12, 77),
       (12, 78),
       (12, 79),
       (12, 80),
       (12, 81),
       (12, 82),
       (12, 83),
       (12, 84),
       (12, 85),
       (12, 86),
       (12, 87),
       (12, 88),
       (12, 89),
       (12, 90),
       (12, 91),
       (12, 92),
       (12, 93),
       (12, 94),
       (12, 95),
       (12, 96),
       (12, 97),
       (12, 98),
       (12, 99),
       (12, 100);

INSERT INTO vehicle_product (product_id, vehicle_id)
VALUES (13, 2),
       (13, 3),
       (13, 4),
       (13, 16),
       (13, 17),
       (13, 20),
       (13, 23),
       (13, 25),
       (13, 26),
       (13, 27),
       (13, 28),
       (13, 36),
       (13, 37),
       (13, 46),
       (13, 47),
       (13, 52),
       (13, 56),
       (13, 57),
       (13, 62),
       (13, 63),
       (13, 66),
       (13, 67),
       (13, 68),
       (13, 76),
       (13, 77),
       (13, 86),
       (13, 87);

INSERT INTO vehicle_product (product_id, vehicle_id)
VALUES (14, 2),
       (14, 3),
       (14, 16),
       (14, 17),
       (14, 20),
       (14, 23),
       (14, 25),
       (14, 26),
       (14, 27),
       (14, 36),
       (14, 37),
       (14, 46),
       (14, 47),
       (14, 52),
       (14, 56),
       (14, 57),
       (14, 66),
       (14, 67),
       (14, 68),
       (14, 76),
       (14, 77),
       (14, 86),
       (14, 87);

INSERT INTO vehicle_product (product_id, vehicle_id)
VALUES (15, 26),
       (15, 27),
       (15, 28),
       (15, 29),
       (15, 30),
       (15, 31),
       (15, 32),
       (15, 33),
       (15, 34),
       (15, 35);

INSERT INTO vehicle_product (product_id, vehicle_id)
VALUES (16, 1),
       (16, 2),
       (16, 3),
       (16, 4),
       (16, 5),
       (16, 6),
       (16, 7),
       (16, 8),
       (16, 10),
       (16, 12),
       (16, 16),
       (16, 17),
       (16, 18),
       (16, 20),
       (16, 23),
       (16, 25),
       (16, 26),
       (16, 27),
       (16, 34),
       (16, 36),
       (16, 37),
       (16, 40),
       (16, 46),
       (16, 47),
       (16, 52),
       (16, 56),
       (16, 57),
       (16, 58),
       (16, 61),
       (16, 62),
       (16, 63),
       (16, 66),
       (16, 67),
       (16, 68),
       (16, 71),
       (16, 76),
       (16, 77),
       (16, 79),
       (16, 86),
       (16, 87),
       (16, 88),
       (16, 96),
       (16, 97),
       (16, 99);

INSERT INTO vehicle_product (product_id, vehicle_id)
VALUES (17, 2),
       (17, 3),
       (17, 16),
       (17, 17),
       (17, 20),
       (17, 21),
       (17, 22),
       (17, 23),
       (17, 24),
       (17, 25),
       (17, 46),
       (17, 47),
       (17, 48),
       (17, 49),
       (17, 50),
       (17, 51),
       (17, 52),
       (17, 53),
       (17, 54),
       (17, 55),
       (17, 56),
       (17, 57),
       (17, 58),
       (17, 59),
       (17, 60);

INSERT INTO vehicle_product (product_id, vehicle_id)
VALUES (18, 2),
       (18, 3),
       (18, 16),
       (18, 17),
       (18, 20),
       (18, 21),
       (18, 22),
       (18, 23),
       (18, 24),
       (18, 25),
       (18, 46),
       (18, 47),
       (18, 48),
       (18, 49),
       (18, 50),
       (18, 51),
       (18, 52),
       (18, 53),
       (18, 54),
       (18, 55),
       (18, 56),
       (18, 57),
       (18, 58),
       (18, 59),
       (18, 60);

INSERT INTO vehicle_product (product_id, vehicle_id)
VALUES (19, 1),
       (19, 2),
       (19, 3),
       (19, 4),
       (19, 5),
       (19, 16),
       (19, 17),
       (19, 18),
       (19, 20),
       (19, 25),
       (19, 26),
       (19, 27),
       (19, 28),
       (19, 36),
       (19, 37),
       (19, 38),
       (19, 46),
       (19, 47),
       (19, 48),
       (19, 56),
       (19, 57),
       (19, 66),
       (19, 67),
       (19, 68),
       (19, 76),
       (19, 77),
       (19, 86),
       (19, 87),
       (19, 88),
       (19, 96),
       (19, 97);

INSERT INTO vehicle_product (product_id, vehicle_id)
VALUES (20, 1),
       (20, 3),
       (20, 6),
       (20, 7),
       (20, 8),
       (20, 10),
       (20, 11),
       (20, 12),
       (20, 13),
       (20, 14),
       (20, 15),
       (20, 16),
       (20, 18),
       (20, 20),
       (20, 23),
       (20, 24),
       (20, 25),
       (20, 27),
       (20, 29),
       (20, 33),
       (20, 34),
       (20, 36),
       (20, 37),
       (20, 38),
       (20, 40),
       (20, 41),
       (20, 42),
       (20, 43),
       (20, 45),
       (20, 50),
       (20, 52),
       (20, 57),
       (20, 58),
       (20, 59),
       (20, 60),
       (20, 61),
       (20, 62),
       (20, 63),
       (20, 65),
       (20, 66),
       (20, 67),
       (20, 68),
       (20, 69),
       (20, 70),
       (20, 71),
       (20, 72),
       (20, 73),
       (20, 75),
       (20, 76),
       (20, 77),
       (20, 79),
       (20, 80),
       (20, 82),
       (20, 83),
       (20, 84),
       (20, 86),
       (20, 87),
       (20, 88),
       (20, 89),
       (20, 90),
       (20, 91),
       (20, 93),
       (20, 94),
       (20, 95),
       (20, 96),
       (20, 97),
       (20, 98),
       (20, 99),
       (20, 100);